id|file_name|convergence_time|total_messages
-375619804801872656|output_0_10_10_1.csv|79.97659682586794|31
7784073130418390450|output_0_10_10_3.csv|88.17431944311534|30
851078152568226851|output_0_10_10_6.csv|104.54422749632957|30
945926663302876513|output_0_10_30_1.csv|139.75557237700838|59
-6568435976274583106|output_0_10_30_3.csv|190.89107242930953|63
4319624000258379820|output_0_10_30_6.csv|128.85283760420052|55
5360035805456509066|output_0_10_5_1.csv|108.78773728937807|30
-1231703644865705848|output_0_10_5_3.csv|65.9586567554056|25
3862673978258026923|output_0_10_5_6.csv|98.95871489846292|26
-4452598955494305405|output_0_30_10_1.csv|138.07151386168428|58
-7797064344169220878|output_0_30_10_3.csv|163.89314250377203|64
-371291801754256533|output_0_30_10_6.csv|184.1786943370357|64
-4459339498519202246|output_0_30_30_1.csv|140.52248599677043|62
-5624245223807479130|output_0_30_30_3.csv|197.17742763960456|72
-3300894449491980008|output_0_30_30_6.csv|183.69981016711|66
-2017568339348024913|output_0_30_5_1.csv|138.07151386168428|58
-5928188468324288696|output_0_30_5_3.csv|163.89314250377203|64
7244300770383263547|output_0_30_5_6.csv|184.1786943370357|64
353909992358593017|output_0_5_10_1.csv|108.78773728937804|30
17195053365942455|output_0_5_10_3.csv|65.9586567554056|25
-8827236906524412984|output_0_5_10_6.csv|98.95871489846294|26
1916223085816811024|output_0_5_30_1.csv|139.34144644433212|61
-4798106442219681699|output_0_5_30_3.csv|138.7797028498587|56
-3271383484785335307|output_0_5_30_6.csv|129.64414146755038|55
-3613546048554682594|output_0_5_5_1.csv|108.78773728937807|30
-4188014327732724422|output_0_5_5_3.csv|65.9586567554056|25
-7926870386780502757|output_0_5_5_6.csv|98.95871489846292|26
4456216120017676889|output_10_10_10_1.csv|140.76017725533185|52
2522723212416021849|output_10_10_10_3.csv|136.43480564392658|52
-7924059765716191863|output_10_10_10_6.csv|153.39632048744218|52
-536419409438273596|output_10_10_30_1.csv|136.543576647586|57
2815670318946005051|output_10_10_30_3.csv|140.37719664496467|56
-9137914818717944673|output_10_10_30_6.csv|154.1485888842006|56
3213136140234039291|output_10_10_5_1.csv|60.158526341940075|25
-3888751419681686066|output_10_10_5_3.csv|82.60771783899534|26
6898477896261558609|output_10_10_5_6.csv|102.86838796331642|26
3390675880020899332|output_10_30_10_1.csv|116.63468929542233|55
8073861269387929574|output_10_30_10_3.csv|136.26359575862884|56
1597492147566845771|output_10_30_10_6.csv|181.00819122063703|63
129260015016782026|output_10_30_30_1.csv|116.6346892954224|55
-5241898474994186198|output_10_30_30_3.csv|136.26359575862887|56
-3994243557687709281|output_10_30_30_6.csv|177.40647830732735|64
8197052958540013942|output_10_30_5_1.csv|116.63468929542235|55
48159166580849313|output_10_30_5_3.csv|136.26359575862884|56
-8939574644514340690|output_10_30_5_6.csv|181.00819122063703|63
-3543456341317077081|output_10_5_10_1.csv|60.158526341940075|25
6927117864386673947|output_10_5_10_3.csv|82.60771783899534|26
-8670047415080411147|output_10_5_10_6.csv|102.86838796331644|26
-2248136000949109239|output_10_5_30_1.csv|136.543576647586|57
6298163820388184955|output_10_5_30_3.csv|140.37719664496467|56
1532228628525715367|output_10_5_30_6.csv|154.1485888842006|56
4884548539336065734|output_10_5_5_1.csv|60.158526341940075|25
3989557961396865661|output_10_5_5_3.csv|82.60771783899534|26
-4843507406431857771|output_10_5_5_6.csv|102.86838796331642|26
1948154125993922807|output_1_10_10_1.csv|106.25584427698715|40
-93653340603502486|output_1_10_10_3.csv|149.0303493545343|56
3315103777930771693|output_1_10_10_6.csv|153.8119625271859|56
-2258216072310623893|output_1_10_30_1.csv|134.07704303854536|56
-3736396392439984579|output_1_10_30_3.csv|162.5245372331353|62
-2262162541671642972|output_1_10_30_6.csv|174.51737618354545|64
-258064106643455191|output_1_10_5_1.csv|73.4953883038417|26
-7332003570933404105|output_1_10_5_3.csv|83.10384805861236|26
4718448279814289036|output_1_10_5_6.csv|94.09308490307363|26
-1141994808692376832|output_11_10_10_1.csv|118.69811669601143|47
-3543393773825827510|output_11_10_10_3.csv|124.38912866725556|51
1580307143486383320|output_11_10_10_6.csv|159.87711043303196|48
-4620931295579303266|output_11_10_30_1.csv|143.06634038530862|55
7972807775795941812|output_11_10_30_3.csv|126.82064631748042|51
3560254635763642411|output_11_10_30_6.csv|139.70290222107533|51
3475986335323282282|output_11_10_5_1.csv|84.54381054628597|26
7765600383213784679|output_11_10_5_3.csv|68.53394550340728|25
5532432348003988269|output_11_10_5_6.csv|81.4162014070022|25
-8010606302578232906|output_11_30_10_1.csv|114.60281090166234|54
4185909397364498414|output_11_30_10_3.csv|146.80426363264647|60
-6577322002781921954|output_11_30_10_6.csv|129.85596037105609|55
-1891588997067148500|output_11_30_30_1.csv|164.89605433029755|68
-6586378032151613507|output_11_30_30_3.csv|191.9736464359537|71
-5607472070823001466|output_11_30_30_6.csv|183.83481444707607|66
-8112412826993418153|output_11_30_5_1.csv|114.60281090166235|54
813443792636687621|output_11_30_5_3.csv|146.80426363264647|60
-622026466908962797|output_11_30_5_6.csv|129.85596037105609|55
-5320831666979629473|output_11_5_10_1.csv|84.54381054628595|26
-4104914769142690804|output_11_5_10_3.csv|68.53394550340724|25
-4630145486631921330|output_11_5_10_6.csv|81.41620140700219|25
-302027814379124734|output_11_5_30_1.csv|143.06634038530862|55
1582387137814940231|output_11_5_30_3.csv|126.82064631748042|51
8474586962948842779|output_11_5_30_6.csv|154.11465061583905|52
276872157978206185|output_11_5_5_1.csv|84.54381054628597|26
-28243541656149360|output_11_5_5_3.csv|68.53394550340728|25
4312318237268923195|output_11_5_5_6.csv|81.4162014070022|25
552867743716512366|output_12_10_10_1.csv|61.62993529131552|25
2558892543087554846|output_12_10_10_3.csv|84.92366992503912|27
-8461104322149172001|output_12_10_10_6.csv|107.9490474425924|26
1902189693530266387|output_12_10_30_1.csv|137.68016196534225|58
6294591581311980728|output_12_10_30_3.csv|153.04586659817778|59
-2724217831859343197|output_12_10_30_6.csv|149.03226197585397|56
-4587354714440040495|output_12_10_5_1.csv|61.62993529131552|25
-7675540738597188823|output_12_10_5_3.csv|84.92366992503912|27
-3220316639896061643|output_12_10_5_6.csv|107.94904744259237|26
-5900837150674909972|output_12_30_10_1.csv|146.83594964533555|60
-1018491085411854245|output_12_30_10_3.csv|122.98690156660388|53
-7057115176460063873|output_12_30_10_6.csv|161.56111692985763|60
2362784933850723874|output_12_30_30_1.csv|172.8095115722042|70
4772996315309302667|output_12_30_30_3.csv|180.48269972277177|70
-3134346878144943140|output_12_30_30_6.csv|205.5128443911028|72
-3519462768681779151|output_12_30_5_1.csv|146.83594964533557|60
1955271734105265922|output_12_30_5_3.csv|122.98690156660388|53
-4506590137003615512|output_12_30_5_6.csv|161.5611169298576|60
-7964930589154375841|output_12_5_10_1.csv|61.62993529131552|25
-678814858394728651|output_12_5_10_3.csv|84.92366992503912|27
7604434645957361762|output_12_5_10_6.csv|107.9490474425924|26
-9218204292770686172|output_12_5_30_1.csv|137.68016196534225|58
-143728190389362609|output_12_5_30_3.csv|153.04586659817778|59
-2308691430351511620|output_12_5_30_6.csv|149.03226197585397|56
8025946866624464368|output_12_5_5_1.csv|61.62993529131552|25
5945310341918046597|output_12_5_5_3.csv|84.92366992503912|27
-8791137697988763539|output_12_5_5_6.csv|107.94904744259237|26
-303500666914654034|output_1_30_10_1.csv|160.73290454107945|65
-8985147153012690614|output_1_30_10_3.csv|173.8178053111803|65
-4759570916850252975|output_1_30_10_6.csv|183.49261387926802|60
2710939657677064233|output_1_30_30_1.csv|169.52897556843004|68
6188134477131272295|output_1_30_30_3.csv|195.43982060511124|71
-7265075734359858781|output_1_30_30_6.csv|200.47144464194614|72
1362106067492086056|output_1_30_5_1.csv|160.7329045410794|65
-7155401984017758876|output_1_30_5_3.csv|173.8178053111803|65
1640177038381647347|output_1_30_5_6.csv|183.49261387926802|60
-1848831187926623221|output_13_10_10_1.csv|58.00135098735899|25
6804417074063084163|output_13_10_10_3.csv|39.15168904757339|15
858509010463171476|output_13_10_10_6.csv|101.18395620206374|26
-7439810300793284382|output_13_10_30_1.csv|137.08313023890963|56
-8546396159592075705|output_13_10_30_3.csv|126.47050530315803|54
-8545172799712102798|output_13_10_30_6.csv|176.82259113626327|61
4821906947447186005|output_13_10_5_1.csv|58.00135098735899|25
-8858827518994046187|output_13_10_5_3.csv|39.1516890475734|15
-8878254509395116563|output_13_10_5_6.csv|101.18395620206374|26
3169463895608100517|output_13_30_10_1.csv|114.64945352728758|55
2747733198392525482|output_13_30_10_3.csv|136.12559038792003|52
3218162665776331741|output_13_30_10_6.csv|177.88518009558152|58
-7620446280288668788|output_13_30_30_1.csv|165.60778547175588|66
969619572301625244|output_13_30_30_3.csv|179.36841983291714|64
3591746012971690002|output_13_30_30_6.csv|185.2698223134792|68
6578176467744823246|output_13_30_5_1.csv|114.64945352728758|55
-8247095965795888696|output_13_30_5_3.csv|136.12559038792003|52
-704435114199856536|output_13_30_5_6.csv|177.88518009558152|58
7514153703777709466|output_13_5_10_1.csv|58.00135098735899|25
-6924652027005002023|output_13_5_10_3.csv|39.15168904757339|15
3491780494826523203|output_13_5_10_6.csv|101.18395620206374|26
-5545460453875506587|output_13_5_30_1.csv|139.72203976268543|58
-6138142041850253752|output_13_5_30_3.csv|126.47050530315803|54
4795149313886264631|output_13_5_30_6.csv|176.82259113626327|61
6743358870249556492|output_13_5_5_1.csv|58.00135098735899|25
-4458862382644234050|output_13_5_5_3.csv|39.1516890475734|15
7240518721164109101|output_13_5_5_6.csv|101.18395620206374|26
4126809850343814746|output_14_10_10_1.csv|110.22482392971735|34
-6991668630642269765|output_14_10_10_3.csv|85.58639851185976|30
-4020099791580959708|output_14_10_10_6.csv|97.87546784532428|30
-8604591391068278412|output_14_10_30_1.csv|108.07934291528483|44
-6995727483508479476|output_14_10_30_3.csv|160.63173281326678|60
4222655723098606269|output_14_10_30_6.csv|155.58320387073215|56
4803390409619960565|output_14_10_5_1.csv|80.63595781926682|29
6379607274283156819|output_14_10_5_3.csv|90.37783978270588|26
106419190509911878|output_14_10_5_6.csv|101.6124888405434|26
-3270102982521264071|output_14_30_10_1.csv|160.10520791574305|63
-8958154642341661868|output_14_30_10_3.csv|168.27610949977176|66
-7741870649565942847|output_14_30_10_6.csv|176.9322506790036|63
6880765154213434159|output_14_30_30_1.csv|187.00708809340315|72
-3246695873723545605|output_14_30_30_3.csv|168.2761094997718|66
7770872866116690667|output_14_30_30_6.csv|175.50829323464316|63
-8652742448571791584|output_14_30_5_1.csv|160.10520791574305|63
6583304764555613338|output_14_30_5_3.csv|168.27610949977185|66
796504310432635217|output_14_30_5_6.csv|176.93225067900354|63
7088543182135198830|output_14_5_10_1.csv|80.63595781926679|29
7527037938657497084|output_14_5_10_3.csv|90.37783978270588|26
-3896637403610167074|output_14_5_10_6.csv|101.6124888405434|26
2803305288589750556|output_14_5_30_1.csv|107.94010313332586|44
1111833502609282766|output_14_5_30_3.csv|160.63173281326678|60
-6299414559908569093|output_14_5_30_6.csv|155.58320387073215|56
1358084297371822928|output_14_5_5_1.csv|80.63595781926682|29
3854206819720153575|output_14_5_5_3.csv|90.37783978270588|26
4765866404307330357|output_14_5_5_6.csv|101.6124888405434|26
-8440432985005965170|output_15_10_10_1.csv|119.39556629128066|55
8849281758879492230|output_15_10_10_3.csv|144.4151080173015|56
7052215910674153625|output_15_10_10_6.csv|119.7726592196538|40
-677233549992460198|output_1_5_10_1.csv|73.4953883038417|26
-8334774023469878878|output_15_10_30_1.csv|119.39556629128072|55
-4370738924210971947|output_15_10_30_3.csv|144.41510801730155|56
-407325029291686384|output_15_10_30_6.csv|119.77265921965386|40
9090600663544294921|output_1_5_10_3.csv|83.10384805861236|26
-1884719244630565486|output_15_10_5_1.csv|60.45069057019352|25
-7127629945063690840|output_15_10_5_3.csv|93.41070959136793|26
8925003018873636071|output_15_10_5_6.csv|105.41272291699589|26
604625552651782347|output_1_5_10_6.csv|94.09308490307363|26
-5211142960989074348|output_15_30_10_1.csv|140.4754978640595|57
-105059422113648327|output_15_30_10_3.csv|125.82696191224488|55
722292077807852666|output_15_30_10_6.csv|154.81996915397306|56
6923040837037059312|output_1_5_30_1.csv|106.25584427698718|40
8832656306893860361|output_15_30_30_1.csv|147.29877633404504|62
7632091127789299187|output_15_30_30_3.csv|127.48979863636714|55
6384619062096678642|output_15_30_30_6.csv|159.88795607653987|57
1906077980923704499|output_1_5_30_3.csv|149.03034935453437|56
2901176034431650719|output_15_30_5_1.csv|140.4754978640595|57
-7641443444231164745|output_15_30_5_3.csv|125.82696191224488|55
4478408111063994783|output_15_30_5_6.csv|154.81996915397306|56
2799519733192857208|output_1_5_30_6.csv|153.81196252718595|56
-3649465767892118736|output_15_5_10_1.csv|60.45069057019354|25
-1250606065719913848|output_15_5_10_3.csv|93.41070959136795|26
7348225335500792554|output_15_5_10_6.csv|105.4127229169959|26
3580976880831146398|output_1_5_5_1.csv|73.4953883038417|26
1447736100889454888|output_15_5_30_1.csv|119.39556629128072|55
-3245046049661950703|output_15_5_30_3.csv|144.41510801730155|56
-897133453062578820|output_15_5_30_6.csv|119.77265921965386|40
-1916346323934704738|output_1_5_5_3.csv|83.10384805861236|26
1420760131913280544|output_15_5_5_1.csv|60.45069057019352|25
3527443970537594682|output_15_5_5_3.csv|93.41070959136793|26
6705499938389924987|output_15_5_5_6.csv|105.41272291699589|26
8870310229582894020|output_1_5_5_6.csv|94.09308490307363|26
5179892864999850644|output_16_10_10_1.csv|57.96703392984766|25
5169149713842028151|output_16_10_10_3.csv|87.86869164975897|26
-6773928712677824711|output_16_10_10_6.csv|97.09553708988282|26
1891398201441994534|output_16_10_30_1.csv|160.55589532868817|63
-3150301815658785707|output_16_10_30_3.csv|173.05614176563972|66
2174787924916637834|output_16_10_30_6.csv|174.68056444493686|61
6140458040726056615|output_16_10_5_1.csv|57.96703392984765|25
-9071589192428897920|output_16_10_5_3.csv|87.86869164975897|26
-8345500058762380971|output_16_10_5_6.csv|97.09553708988282|26
-3177911468576690190|output_16_30_10_1.csv|137.98548515376893|60
4488603396173911539|output_16_30_10_3.csv|142.98968491754962|56
-992554974396689956|output_16_30_10_6.csv|151.10485252638418|56
-858640005532864803|output_16_30_30_1.csv|137.98548515376893|60
8042999776533081959|output_16_30_30_3.csv|174.75226652929922|64
3594043814622669585|output_16_30_30_6.csv|175.92450440885813|66
2465013128202422992|output_16_30_5_1.csv|137.98548515376893|60
5294476445058576138|output_16_30_5_3.csv|142.98968491754962|56
-4477101358378560533|output_16_30_5_6.csv|151.10485252638418|56
1185655121336364378|output_16_5_10_1.csv|57.96703392984766|25
796218804376148751|output_16_5_10_3.csv|87.86869164975897|26
4393869073249712896|output_16_5_10_6.csv|97.09553708988282|26
1331519878614160819|output_16_5_30_1.csv|160.55589532868817|63
6787140996877031689|output_16_5_30_3.csv|173.05614176563972|66
-8607417268875818282|output_16_5_30_6.csv|174.68056444493686|61
-6342878976685597008|output_16_5_5_1.csv|57.96703392984765|25
-3762967588499754814|output_16_5_5_3.csv|87.86869164975897|26
2892419743029848827|output_16_5_5_6.csv|97.09553708988282|26
1251012388821016218|output_17_10_10_1.csv|142.73403335852248|56
8614718579747380159|output_17_10_10_3.csv|137.3980022331969|56
-8300139873619338963|output_17_10_10_6.csv|162.74709427900822|59
-5898468229323085295|output_17_10_30_1.csv|114.30158304584401|55
-6583079847334765328|output_17_10_30_3.csv|159.23773638374206|61
-2256593682531655236|output_17_10_30_6.csv|155.0883228252866|57
6091703107346937268|output_17_10_5_1.csv|58.350116581180494|25
-7693538968492330698|output_17_10_5_3.csv|88.324859702324|26
-8509328022159460780|output_17_10_5_6.csv|100.72031249573882|26
-5549501183284024423|output_17_30_10_1.csv|142.589573376586|60
-3614423467171031726|output_17_30_10_3.csv|143.35661907031565|63
-1414750350121247323|output_17_30_10_6.csv|151.68977733501143|56
3981004892208430571|output_17_30_30_1.csv|191.39292723776452|73
-828906112196674959|output_17_30_30_3.csv|192.87369572935867|72
-2203683427749645527|output_17_30_30_6.csv|204.64615561586513|70
-7446508363471655665|output_17_30_5_1.csv|142.589573376586|60
-1658536091030327987|output_17_30_5_3.csv|143.35661907031565|63
-8330737392359398199|output_17_30_5_6.csv|151.68977733501143|56
-6233945762858918758|output_17_5_10_1.csv|58.350116581180494|25
-7111559067004002840|output_17_5_10_3.csv|88.324859702324|26
-4760429869329848628|output_17_5_10_6.csv|100.72031249573882|26
7918278894041338031|output_17_5_30_1.csv|142.73403335852248|56
7330382538415499380|output_17_5_30_3.csv|137.398002233197|56
7624973506627345311|output_17_5_30_6.csv|163.00776922711393|59
3723029767397617107|output_17_5_5_1.csv|58.350116581180494|25
-2879556815297180529|output_17_5_5_3.csv|88.324859702324|26
-5035320894343478187|output_17_5_5_6.csv|100.72031249573882|26
6631156749408070659|output_18_10_10_1.csv|79.03886415552591|26
-7873952475249044013|output_18_10_10_3.csv|89.56035483339726|26
-6627912728314892592|output_18_10_10_6.csv|50.50526007423957|15
2492097694895338818|output_18_10_30_1.csv|138.30975151786615|61
4365452448336877216|output_18_10_30_3.csv|107.24413019021642|39
-7545899880098426581|output_18_10_30_6.csv|103.44869023683805|45
2014531586521107934|output_18_10_5_1.csv|79.0388641555259|26
-2519553753641297016|output_18_10_5_3.csv|89.56035483339726|26
-2296174467303763638|output_18_10_5_6.csv|50.505260074239565|15
-8212900959557386134|output_18_30_10_1.csv|156.16438895551642|63
5419953594097676227|output_18_30_10_3.csv|144.072940489539|58
-2849617360889831919|output_18_30_10_6.csv|167.02251545571426|58
6051743950208792919|output_18_30_30_1.csv|160.32178020265115|65
-747108077931738056|output_18_30_30_3.csv|139.8105510836269|58
-2469991422343687978|output_18_30_30_6.csv|167.02251545571423|58
-9113680976171734752|output_18_30_5_1.csv|156.16438895551642|63
7794171811309694731|output_18_30_5_3.csv|144.07294048953898|58
-701351076972230765|output_18_30_5_6.csv|167.02251545571426|58
7973901572020276971|output_18_5_10_1.csv|79.03886415552591|26
6868306859608259429|output_18_5_10_3.csv|89.56035483339726|26
-8456238699200135021|output_18_5_10_6.csv|50.50526007423957|15
5956880800583730457|output_18_5_30_1.csv|138.30975151786615|61
8944130521047873153|output_18_5_30_3.csv|107.24413019021642|39
4140123730675375890|output_18_5_30_6.csv|103.44869023683805|45
3258747950441057734|output_18_5_5_1.csv|79.0388641555259|26
5476497745221646951|output_18_5_5_3.csv|89.56035483339726|26
1768864091314946690|output_18_5_5_6.csv|50.505260074239565|15
-6960181869793713861|output_19_10_10_1.csv|59.872356571207376|25
-858669815291866915|output_19_10_10_3.csv|91.11977956590124|26
-6177473593922702340|output_19_10_10_6.csv|103.20734023048371|26
-4305024661086121780|output_19_10_30_1.csv|145.5630119821334|59
536294110346163225|output_19_10_30_3.csv|148.51354294775803|56
-7998930876086831058|output_19_10_30_6.csv|138.59937409300437|55
-5634459313517456663|output_19_10_5_1.csv|59.87235657120739|25
801491645286829096|output_19_10_5_3.csv|91.11977956590124|26
7245816313742898936|output_19_10_5_6.csv|103.20734023048371|26
-2752422258901580940|output_19_30_10_1.csv|118.58759429386312|55
916218811459469027|output_19_30_10_3.csv|125.19190610767295|55
-7579630288633090112|output_19_30_10_6.csv|136.56863056889074|55
6521547799619792280|output_19_30_30_1.csv|171.04263615270185|66
-4373817887586696626|output_19_30_30_3.csv|189.959181900788|71
-8306119034271739883|output_19_30_30_6.csv|192.15349414663126|70
498746366886711947|output_19_30_5_1.csv|118.58759429386312|55
-6428050560087848783|output_19_30_5_3.csv|125.19190610767295|55
-5485979070610068173|output_19_30_5_6.csv|136.56863056889074|55
7657755811746892988|output_19_5_10_1.csv|59.872356571207376|25
-1057751835679911360|output_19_5_10_3.csv|91.11977956590124|26
8361057081965085939|output_19_5_10_6.csv|103.20734023048371|26
-4968623583100494302|output_19_5_30_1.csv|145.5630119821334|59
5724436039029390860|output_19_5_30_3.csv|148.51354294775803|56
7098848493725626075|output_19_5_30_6.csv|138.59937409300437|55
2678829212642573906|output_19_5_5_1.csv|59.87235657120739|25
2953086651417110896|output_19_5_5_3.csv|91.11977956590124|26
8906691044295277235|output_19_5_5_6.csv|103.20734023048371|26
-4748084116836893569|output_2_10_10_1.csv|139.89484779054445|58
8107027681441460232|output_2_10_10_3.csv|147.65301976488766|56
1057275701784116025|output_2_10_10_6.csv|206.8749386002803|62
-3109440956760818388|output_2_10_30_1.csv|139.8948477905445|58
-5194818630168209679|output_2_10_30_3.csv|147.6530197648877|56
-2554956337752866161|output_2_10_30_6.csv|206.87493860028033|62
-641553566819938977|output_2_10_5_1.csv|110.61260414149787|33
-9151332459082656915|output_2_10_5_3.csv|86.70439287519419|26
4287785507975591036|output_2_10_5_6.csv|102.52865595914334|26
-5346549950030725296|output_2_30_10_1.csv|140.03814684475057|57
2813478987593387148|output_2_30_10_3.csv|146.6425311159522|56
115508877731199760|output_2_30_10_6.csv|152.99112987332984|56
-3361652703977774929|output_2_30_30_1.csv|141.36715425733763|59
8472512948223350373|output_2_30_30_3.csv|148.78246433599415|58
4857490971468192522|output_2_30_30_6.csv|154.2602897714735|56
4040806756740098786|output_2_30_5_1.csv|140.03814684475057|57
4525989697616755143|output_2_30_5_3.csv|146.6425311159522|56
-9034161243579968155|output_2_30_5_6.csv|152.99112987332984|56
-1882069950927797174|output_2_5_10_1.csv|110.61260414149787|33
-5135049376023165435|output_2_5_10_3.csv|86.70439287519419|26
-5485493147517456756|output_2_5_10_6.csv|102.52865595914334|26
-2993827114207605230|output_2_5_30_1.csv|139.8948477905445|58
-1570946039608388238|output_2_5_30_3.csv|147.6530197648877|56
-362746184786274116|output_2_5_30_6.csv|206.87493860028033|62
-6700369292359878262|output_2_5_5_1.csv|110.61260414149787|33
-1391510818737203434|output_2_5_5_3.csv|86.70439287519419|26
-99277195045904977|output_2_5_5_6.csv|102.52865595914334|26
1444002311130293872|output_3_10_10_1.csv|83.68314089374675|26
-753406721910014243|output_3_10_10_3.csv|61.723815062765276|25
-7281756485402985653|output_3_10_10_6.csv|99.86322578297506|26
3094931963620441489|output_3_10_30_1.csv|135.05032973725685|57
-347152172628273613|output_3_10_30_3.csv|139.3207217664064|57
3050475540891209985|output_3_10_30_6.csv|132.80433148357181|55
8636680716279610996|output_3_10_5_1.csv|83.68314089374672|26
2463004413971188947|output_3_10_5_3.csv|61.723815062765276|25
-2860040973506355817|output_3_10_5_6.csv|99.86322578297506|26
-8414315035155342060|output_3_30_10_1.csv|141.46826075122843|58
5219582903514468198|output_3_30_10_3.csv|166.64192014027773|61
-3458439238317413843|output_3_30_10_6.csv|159.25109321579603|60
-6941340513710598155|output_3_30_30_1.csv|141.46826075122843|58
-2898887618091506002|output_3_30_30_3.csv|165.4953233732356|61
3085014637879569472|output_3_30_30_6.csv|204.7606517483339|69
3199176196174826411|output_3_30_5_1.csv|141.46826075122843|58
5871743495755572179|output_3_30_5_3.csv|166.64192014027773|61
-2559854917722845159|output_3_30_5_6.csv|159.25109321579603|60
-7034317861444617223|output_3_5_10_1.csv|83.68314089374675|26
858407647012576889|output_3_5_10_3.csv|61.723815062765276|25
7609893218014505187|output_3_5_10_6.csv|99.86322578297506|26
-2301837120215432759|output_3_5_30_1.csv|135.05032973725685|57
3458206320758183596|output_3_5_30_3.csv|139.3207217664064|57
-7742711655161422394|output_3_5_30_6.csv|132.80433148357181|55
6393459448168597356|output_3_5_5_1.csv|83.68314089374672|26
9145133512381224434|output_3_5_5_3.csv|61.723815062765276|25
8584573560176452938|output_3_5_5_6.csv|99.86322578297506|26
6900936196910360558|output_4_10_10_1.csv|79.49248065183434|27
-7592823475118386387|output_4_10_10_3.csv|78.38719423503007|26
-9159343331310179447|output_4_10_10_6.csv|94.71431320938711|26
4860348248662103119|output_4_10_30_1.csv|111.44082590948207|44
-7808775082551658539|output_4_10_30_3.csv|158.05847318826494|63
-2508533358402582641|output_4_10_30_6.csv|121.02293917928722|40
-5872625686862194467|output_4_10_5_1.csv|79.49248065183433|27
-119083259616412628|output_4_10_5_3.csv|78.38719423503007|26
3014121736200277628|output_4_10_5_6.csv|94.71431320938711|26
-393732472305826267|output_4_30_10_1.csv|133.99447173457594|57
7923874308186491912|output_4_30_10_3.csv|137.47976627077276|56
-8485548537928082419|output_4_30_10_6.csv|168.627106524515|61
6847635892433790055|output_4_30_30_1.csv|134.7401076081162|57
4204930489436531924|output_4_30_30_3.csv|161.85526636356562|58
461569570842882084|output_4_30_30_6.csv|144.99853959178148|56
8041425816922519435|output_4_30_5_1.csv|133.99447173457588|57
-2430881288451250394|output_4_30_5_3.csv|137.47976627077273|56
-1136020488481203494|output_4_30_5_6.csv|168.62710652451494|61
5143028395878887631|output_4_5_10_1.csv|79.49248065183434|27
6753758929003211276|output_4_5_10_3.csv|78.38719423503007|26
4809045575429150228|output_4_5_10_6.csv|94.71431320938711|26
-4283203123998432177|output_4_5_30_1.csv|111.44082590948207|44
8690541681302816063|output_4_5_30_3.csv|158.05847318826494|63
-5716638621088176230|output_4_5_30_6.csv|121.02293917928722|40
-1633914059056290646|output_4_5_5_1.csv|79.49248065183433|27
-5877154269630697665|output_4_5_5_3.csv|78.38719423503007|26
-8399378973256652239|output_4_5_5_6.csv|94.71431320938711|26
5890784758168405265|output_5_10_10_1.csv|132.06220050399222|52
-6596135890499646695|output_5_10_10_3.csv|166.3158377360219|53
-2565315362043016996|output_5_10_10_6.csv|146.9147125176829|47
2364044786733400350|output_5_10_30_1.csv|156.89711106965873|60
-6112250468890854179|output_5_10_30_3.csv|118.58040900850659|47
-7360294145246272953|output_5_10_30_6.csv|179.57215132455332|61
8481961408803057829|output_5_10_5_1.csv|77.89193120203085|26
7424685630290763538|output_5_10_5_3.csv|94.03913863748129|30
3458987340303963023|output_5_10_5_6.csv|79.85110084106049|22
4698852444823574968|output_5_30_10_1.csv|152.4609574501473|60
2553731124577435757|output_5_30_10_3.csv|117.8673424250544|50
1227649567715871752|output_5_30_10_6.csv|135.96477858887854|54
1104099754514969068|output_5_30_30_1.csv|177.20675320906855|68
-8523054112404286838|output_5_30_30_3.csv|171.3140546074268|72
-3143678355766122346|output_5_30_30_6.csv|182.06468766872334|58
-4999043203621137450|output_5_30_5_1.csv|152.4609574501473|60
-6737615108774815311|output_5_30_5_3.csv|117.86734242505436|50
-6677197315151029115|output_5_30_5_6.csv|135.96477858887854|54
-8502658370954943718|output_5_5_10_1.csv|77.89193120203085|26
4094620660471353112|output_5_5_10_3.csv|94.03913863748129|30
8432889974297270657|output_5_5_10_6.csv|79.85110084106049|22
5900949232430774213|output_5_5_30_1.csv|157.2004945374143|60
655675227837597440|output_5_5_30_3.csv|141.41971449392275|56
4949947911846637636|output_5_5_30_6.csv|136.16964305870624|53
-9152193938867893111|output_5_5_5_1.csv|77.89193120203085|26
-9182952854022827767|output_5_5_5_3.csv|94.03913863748129|30
3364887027098641036|output_5_5_5_6.csv|79.85110084106049|22
-3510133108316273133|output_6_10_10_1.csv|84.11937198736136|30
2997246113981117405|output_6_10_10_3.csv|88.881572313032|30
-2369508941634337001|output_6_10_10_6.csv|99.5287213644456|30
716785794688998311|output_6_10_30_1.csv|133.2434291335421|56
6392654444832696769|output_6_10_30_3.csv|141.55532751123775|57
-4489238243437320373|output_6_10_30_6.csv|161.61355284428137|62
-2951879198536317981|output_6_10_5_1.csv|79.52355097009456|26
-6858684358692900269|output_6_10_5_3.csv|85.65451067573049|26
-9143969950117989362|output_6_10_5_6.csv|97.97328175639127|26
-4633124450383497128|output_6_30_10_1.csv|132.58762837043986|56
-3679679734143281164|output_6_30_10_3.csv|172.07088609040932|60
-3448791100306648955|output_6_30_10_6.csv|132.73521843280412|55
-1400128351217397402|output_6_30_30_1.csv|132.58762837043994|56
7539378833843728881|output_6_30_30_3.csv|177.67027282300776|62
5450283471874011978|output_6_30_30_6.csv|179.55745901468444|66
4606140348109647590|output_6_30_5_1.csv|132.58762837043986|56
2830430196704703405|output_6_30_5_3.csv|172.07088609040932|60
-4284614665775394086|output_6_30_5_6.csv|132.73521843280412|55
4032673504418796903|output_6_5_10_1.csv|79.52355097009456|26
-1251901630794842185|output_6_5_10_3.csv|85.65451067573049|26
-3271622010978792510|output_6_5_10_6.csv|97.97328175639127|26
1904069155032385953|output_6_5_30_1.csv|133.2434291335421|56
296882339002270542|output_6_5_30_3.csv|141.55532751123775|57
7608319026211937971|output_6_5_30_6.csv|161.61355284428137|62
2550230648714885592|output_6_5_5_1.csv|79.52355097009456|26
4955619086823771019|output_6_5_5_3.csv|85.65451067573049|26
-2834046379568932137|output_6_5_5_6.csv|97.97328175639127|26
4080502630799280700|output_7_10_10_1.csv|85.25418527974463|26
2404841740429176580|output_7_10_10_3.csv|90.49809913405797|26
-7088895286185042118|output_7_10_10_6.csv|92.83702745037843|26
5461747824599200584|output_7_10_30_1.csv|118.20337343843582|55
-2041001345842656607|output_7_10_30_3.csv|147.08413333088976|56
-2461460433881648732|output_7_10_30_6.csv|158.26569641667882|56
-2955988176945418750|output_7_10_5_1.csv|85.25418527974463|26
4193422580710673107|output_7_10_5_3.csv|90.49809913405797|26
5147799488284394604|output_7_10_5_6.csv|92.83702745037843|26
5877185569569374039|output_7_30_10_1.csv|133.75304418704786|57
908465895970248382|output_7_30_10_3.csv|142.77766371470545|57
-4876725531510889034|output_7_30_10_6.csv|153.12619006649425|56
8609532828291297451|output_7_30_30_1.csv|133.7530441870479|57
7230748935877819833|output_7_30_30_3.csv|142.83957567766723|57
-6718310044949468623|output_7_30_30_6.csv|178.40820121669202|65
-8937700248347121031|output_7_30_5_1.csv|133.75304418704786|57
8612011727031353010|output_7_30_5_3.csv|142.77766371470545|57
-2577574891972963588|output_7_30_5_6.csv|153.12619006649425|56
-8757824531024423801|output_7_5_10_1.csv|85.25418527974463|26
-5651814775705278622|output_7_5_10_3.csv|90.49809913405797|26
5233251966055279885|output_7_5_10_6.csv|92.83702745037843|26
1701745598867056272|output_7_5_30_1.csv|118.20337343843582|55
-5917130805547653862|output_7_5_30_3.csv|147.08413333088976|56
4885730273109881939|output_7_5_30_6.csv|158.26569641667882|56
4599419838938331230|output_7_5_5_1.csv|85.25418527974463|26
-29352741269906067|output_7_5_5_3.csv|90.49809913405797|26
-669492001280177541|output_7_5_5_6.csv|92.83702745037843|26
-37780490931925895|output_8_10_10_1.csv|77.58245871856697|29
2400973806340489436|output_8_10_10_3.csv|97.78975787175044|30
5483346186501686025|output_8_10_10_6.csv|104.96632261694732|30
5671725701945755784|output_8_10_30_1.csv|116.88864204542068|55
5696407194546544036|output_8_10_30_3.csv|142.16276523893114|56
-8993835975861775173|output_8_10_30_6.csv|149.07709954526388|56
6058359731692527535|output_8_10_5_1.csv|90.30960304210856|26
-932545468300692247|output_8_10_5_3.csv|98.09266043221811|26
7499544238042101209|output_8_10_5_6.csv|107.06880486827023|26
-2559348677911762970|output_8_30_10_1.csv|156.36248650732617|62
1913408567624037402|output_8_30_10_3.csv|170.40693131978577|64
1920263289317099268|output_8_30_10_6.csv|181.11446805324758|65
6085711960701348061|output_8_30_30_1.csv|185.13422336293786|68
7930276633030231707|output_8_30_30_3.csv|170.40693131978585|64
-8709718927101026535|output_8_30_30_6.csv|202.14953100742196|70
1100852680262958299|output_8_30_5_1.csv|156.36248650732617|62
4899769635885405503|output_8_30_5_3.csv|170.40693131978583|64
-3679580179091349981|output_8_30_5_6.csv|181.11446805324758|65
4707419199730109384|output_8_5_10_1.csv|90.30960304210856|26
-7649554634090378200|output_8_5_10_3.csv|98.09266043221812|26
-9154770433280464865|output_8_5_10_6.csv|107.06880486827023|26
-4985996468578222992|output_8_5_30_1.csv|116.88864204542068|55
8442930361241605875|output_8_5_30_3.csv|142.16276523893114|56
9072544955067052445|output_8_5_30_6.csv|149.07709954526388|56
3921076500977871|output_8_5_5_1.csv|90.30960304210856|26
5838244513711800921|output_8_5_5_3.csv|98.09266043221811|26
2608996515952787538|output_8_5_5_6.csv|107.06880486827023|26
-9099089640092342667|output_9_10_10_1.csv|61.1397081709642|25
7265519283823604517|output_9_10_10_3.csv|36.26370283975843|15
3261575405656911345|output_9_10_10_6.csv|44.452301173782594|15
-308020669304125687|output_9_10_30_1.csv|137.0064741142608|56
963080365952746534|output_9_10_30_3.csv|150.0922627557506|55
-5289640529932223964|output_9_10_30_6.csv|175.39533997657867|63
4047705576686927286|output_9_10_5_1.csv|61.139708170964184|25
3132805103031397501|output_9_10_5_3.csv|36.263702839758444|15
-3823175406232320282|output_9_10_5_6.csv|44.452301173782594|15
-1610092835497399458|output_9_30_10_1.csv|154.2612700695076|63
-2825499904016675087|output_9_30_10_3.csv|182.7781370370659|65
-8267359577874170864|output_9_30_10_6.csv|182.21159561354057|63
5538093346178461621|output_9_30_30_1.csv|154.2612700695076|63
-8306413710448451926|output_9_30_30_3.csv|156.17319725100538|62
1697605357584590855|output_9_30_30_6.csv|215.99534981234956|66
3403820833221665165|output_9_30_5_1.csv|154.2612700695076|63
-8169958566506292318|output_9_30_5_3.csv|182.77813703706593|65
-73520856304478481|output_9_30_5_6.csv|182.2115956135406|63
6452030008557538133|output_9_5_10_1.csv|61.1397081709642|25
1610325078589191958|output_9_5_10_3.csv|36.26370283975843|15
7197774782894613533|output_9_5_10_6.csv|44.452301173782594|15
-6258364590130090359|output_9_5_30_1.csv|137.0064741142608|56
-3016458013439374331|output_9_5_30_3.csv|150.0922627557506|55
7065120422109569656|output_9_5_30_6.csv|175.39533997657867|63
6556369948789326676|output_9_5_5_1.csv|61.139708170964184|25
1025452276127752136|output_9_5_5_3.csv|36.263702839758444|15
-8018496993386953743|output_9_5_5_6.csv|44.452301173782594|15
